{
 "clark county, oh": 1.0,
 "dupage county, il": 0.0,
 "cherokee county, ga": 1.0,
 "harris county, tx": 8.076281328623054,
 "fort bend county, tx": 0.23394556312971734,
 "montgomery county, tx": 1.0000160680283077,
 "collin county, tx": 2.00087591610746,
 "greene county, mo": 1.0,
 "christian county, mo": 0.0,
 "upshur county, tx": 1.0,
 "kings county, ny": 2.393607716583089,
 "los angeles county, ca": 20.98900170211753,
 "garrard county, ky": 1.0,
 "crawford county, in": 0.0,
 "tulare county, ca": 3.0,
 "grundy county, tn": 0.731882570314104,
 "marion county, tn": 0.2648326832272634,
 "franklin county, tn": 0.003284746458632724,
 "mercer county, pa": 0.0,
 "delaware county, pa": 0.0,
 "lake county, il": 0.9999134956024697,
 "cook county, il": 5.00008650439753,
 "mercer county, wv": 0.0,
 "ottawa county, ok": 1.0,
 "howard county, md": 0.0,
 "adams county, co": 4.077389709879182,
 "weld county, co": 1.0,
 "jackson county, mo": 4.443568478812977,
 "clay county, mo": 0.48464790222004767,
 "bernalillo county, nm": 3.0,
 "forsyth county, ga": 0.0,
 "maricopa county, az": 11.994855245032475,
 "st. louis city county, mo": 9.0,
 "henderson county, tn": 0.0,
 "mower county, mn": 0.0,
 "riverside county, ca": 5.0,
 "camden county, nj": 1.0,
 "marion county, fl": 1.0,
 "mille lacs county, mn": 1.0,
 "giles county, va": 0.0,
 "honolulu county, hi": 0.0,
 "travis county, tx": 2.9902698377576886,
 "williamson county, tx": 0.009730162242311637,
 "hays county, tx": 1.0,
 "queens county, ny": 0.3127484337105374,
 "new york county, ny": 0.15799982172369542,
 "bronx county, ny": 0.12021448606040752,
 "richmond county, ny": 0.013720946404625331,
 "oneida county, ny": 0.0017085955176450467,
 "spokane county, wa": 3.0,
 "fayette county, ga": 2.0,
 "fulton county, ky": 0.0,
 "fairfax county, va": 0.0,
 "hamilton county, tn": 3.0,
 "san bernardino county, ca": 5.0,
 "adair county, ok": 0.0,
 "dallas county, tx": 2.997719351132034,
 "denton county, tx": 0.0015231168291496393,
 "kaufman county, tx": 0.0,
 "rockwall county, tx": 0.0,
 "lake county, in": 3.0,
 "grand forks county, nd": 1.0,
 "monterey county, ca": 0.0,
 "caroline county, va": 1.0,
 "hutchinson county, tx": 0.9999847372809083,
 "moore county, tx": 1.5262719091562958e-05,
 "st. louis county, mo": 1.0,
 "alachua county, fl": 1.0,
 "washington county, ms": 1.0,
 "clark county, nv": 5.0,
 "lincoln county, me": 1.0,
 "allegheny county, pa": 1.0,
 "solano county, ca": 0.0,
 "bulloch county, ga": 1.0,
 "sangamon county, il": 0.0,
 "new castle county, de": 3.0,
 "jefferson parish, la": 0.0,
 "san luis obispo county, ca": 1.0,
 "orleans parish, la": 1.0,
 "kern county, ca": 4.0,
 "dona ana county, nm": 1.0,
 "kent county, mi": 1.0,
 "ada county, id": 2.0,
 "lancaster county, pa": 1.0,
 "calhoun county, al": 3.0,
 "talladega county, al": 0.0,
 "desoto county, ms": 2.0,
 "jackson county, wi": 2.0,
 "mecklenburg county, nc": 4.0,
 "baltimore county, md": 2.0223487345056945,
 "fulton county, ga": 2.9843711351126583,
 "dekalb county, ga": 0.01562886488734179,
 "butler county, oh": 2.0,
 "contra costa county, ca": 2.0109982978824705,
 "pecos county, tx": 1.0,
 "king county, wa": 5.0,
 "eau claire county, wi": 0.9990462938806273,
 "chippewa county, wi": 0.000953706119372699,
 "pinal county, az": 0.9999332993023652,
 "new london county, ct": 1.0,
 "orange county, ca": 2.0,
 "pittsburg county, ok": 1.0,
 "snohomish county, wa": 0.0,
 "fresno county, ca": 1.0,
 "stanislaus county, ca": 0.0,
 "tarrant county, tx": 4.999881615931356,
 "san mateo county, ca": 2.0,
 "walworth county, wi": 0.0,
 "clay county, fl": 1.0,
 "wichita county, tx": 1.0,
 "placer county, ca": 1.0,
 "carson county, tx": 1.0,
 "catawba county, nc": 0.99999669182633,
 "burke county, nc": 3.3081736700953885e-06,
 "caldwell county, nc": 1.0,
 "robeson county, nc": 2.0,
 "taylor county, wv": 1.0,
 "platte county, mo": 0.07178361896697562,
 "cass county, mo": 0.0,
 "volusia county, fl": 3.0,
 "colquitt county, ga": 0.0,
 "alameda county, ca": 3.0,
 "montgomery county, oh": 2.9999323827633675,
 "pueblo county, co": 1.0,
 "duval county, fl": 5.0,
 "maury county, tn": 1.0,
 "baltimore city county, md": 1.9776512654943053,
 "trumbull county, oh": 2.0,
 "madison county, ky": 0.0,
 "jackson county, al": 0.0,
 "franklin county, in": 1.0,
 "caddo county, ok": 0.0,
 "multnomah county, or": 0.0,
 "washington county, or": 2.0,
 "clackamas county, or": 2.0,
 "mckinley county, nm": 0.0,
 "ashtabula county, oh": 1.0,
 "clark county, wa": 1.0,
 "davidson county, tn": 1.0,
 "kennebec county, me": 1.0,
 "oklahoma county, ok": 2.946995484727889,
 "guilford county, nc": 1.0,
 "cumberland county, nj": 1.0,
 "greenville county, sc": 3.9252823385476816,
 "jefferson county, ky": 1.0,
 "bexar county, tx": 3.0,
 "durham county, nc": 2.0,
 "orange county, nc": 1.0,
 "wake county, nc": 0.999881855550351,
 "santa barbara county, ca": 1.0,
 "knox county, tn": 1.0,
 "mohave county, az": 3.0,
 "monroe county, mi": 0.0029150121028173794,
 "wayne county, mi": 1.9970849878971826,
 "franklin county, oh": 1.9939136265649062,
 "fairfield county, oh": 0.0003061213494197086,
 "delaware county, oh": 0.00017203886823765908,
 "putnam county, oh": 0.005608213217436382,
 "knox county, in": 0.0,
 "shelby county, in": 1.0,
 "cape girardeau county, mo": 0.0,
 "scott county, mo": 0.0,
 "comal county, tx": 0.0,
 "medina county, tx": 0.0,
 "trinity county, ca": 1.0,
 "tulsa county, ok": 2.9992263940147157,
 "osage county, ok": 1.0007736059852848,
 "rogers county, ok": 0.0,
 "wagoner county, ok": 0.0,
 "matanuska-susitna borough, ak": 2.0,
 "cumberland county, me": 0.0,
 "portage county, oh": 0.0,
 "hardin county, oh": 0.0,
 "marion county, ar": 2.0,
 "pima county, az": 4.222222222222222,
 "buchanan county, mo": 1.0,
 "hernando county, fl": 1.0,
 "weber county, ut": 2.0,
 "el paso county, co": 2.0,
 "harvey county, ks": 1.0,
 "washoe county, nv": 5.0,
 "district of columbia county, dc": 2.0,
 "berks county, pa": 1.0,
 "laurel county, ky": 1.0,
 "brazoria county, tx": 1.0,
 "stewart county, ga": 1.0,
 "sarasota county, fl": 0.0,
 "charlotte county, fl": 0.0,
 "san joaquin county, ca": 1.0,
 "tooele county, ut": 1.0,
 "citrus county, fl": 1.0,
 "cleveland county, nc": 1.9876978165162176,
 "lincoln county, wi": 1.0,
 "orange county, fl": 1.0,
 "terrebonne parish, la": 2.0,
 "angelina county, tx": 0.0,
 "marathon county, wi": 2.0,
 "san diego county, ca": 6.0,
 "passaic county, nj": 1.0,
 "arapahoe county, co": 3.0,
 "kings county, ca": 1.0,
 "cleveland county, ok": 0.0355911323699515,
 "canadian county, ok": 0.017413382902159352,
 "pottawatomie county, ok": 0.0,
 "laurens county, sc": 0.07471766145231869,
 "medina county, oh": 0.0,
 "washington county, pa": 1.0,
 "santa clara county, ca": 1.0,
 "ellis county, tx": 1.0,
 "east baton rouge parish, la": 2.0,
 "whatcom county, wa": 0.0,
 "sacramento county, ca": 3.0,
 "cuyahoga county, oh": 2.0,
 "napa county, ca": 1.0,
 "prince george's county, md": 0.0,
 "ocean county, nj": 1.0,
 "pierce county, wa": 2.0,
 "jefferson county, co": 1.9226102901208173,
 "bay county, fl": 1.0,
 "ramsey county, mn": 2.9637110106910614,
 "washington county, mn": 0.03628898930893861,
 "macomb county, mi": 1.0,
 "milwaukee county, wi": 4.0,
 "washington county, wi": 0.0,
 "waukesha county, wi": 1.0,
 "crockett county, tn": 0.0,
 "cumberland county, nc": 1.0,
 "aroostook county, me": 0.0,
 "shelby county, tn": 0.0,
 "butte county, ca": 1.0,
 "sedgwick county, ks": 1.0,
 "polk county, ga": 0.0,
 "indian river county, fl": 0.0,
 "brevard county, fl": 1.0,
 "owsley county, ky": 0.0,
 "acadia parish, la": 1.0,
 "grant county, ar": 0.0,
 "shasta county, ca": 3.0,
 "eastland county, tx": 1.0,
 "pulaski county, ar": 1.0,
 "palm beach county, fl": 0.9880686381891202,
 "marshall county, tn": 1.0,
 "lowndes county, ms": 2.0,
 "montgomery county, md": 0.0,
 "tippecanoe county, in": 1.0,
 "manistee county, mi": 0.9317569589943131,
 "kalkaska county, mi": 0.06824304100568691,