{
 "clark county, oh": 1.0,
 "dupage county, il": 1.0,
 "cherokee county, ga": 1.0,
 "harris county, tx": 12.020951420624773,
 "fort bend county, tx": 0.23494766495149652,
 "montgomery county, tx": 2.0000281190495386,
 "collin county, tx": 3.002603957330162,
 "greene county, mo": 1.0,
 "christian county, mo": 0.0,
 "upshur county, tx": 1.0,
 "kings county, ny": 5.5744308663323565,
 "los angeles county, ca": 42.94350265347806,
 "garrard county, ky": 1.0,
 "crawford county, in": 1.0,
 "tulare county, ca": 3.0,
 "grundy county, tn": 0.731882570314104,
 "marion county, tn": 0.2648326832272634,
 "franklin county, tn": 0.003284746458632724,
 "mercer county, pa": 0.7113250570053204,
 "delaware county, pa": 0.2886749429946795,
 "lake county, il": 0.9999134956024697,
 "cook county, il": 9.00008650439753,
 "mercer county, wv": 2.0,
 "ottawa county, ok": 1.0,
 "howard county, md": 1.0,
 "adams county, co": 6.077389709879182,
 "weld county, co": 2.0,
 "jackson county, mo": 6.443568478812978,
 "clay county, mo": 0.48464790222004767,
 "bernalillo county, nm": 8.0,
 "forsyth county, ga": 1.0,
 "maricopa county, az": 24.987898008440766,
 "st. louis city county, mo": 11.0,
 "henderson county, tn": 1.0,
 "mower county, mn": 1.0,
 "riverside county, ca": 9.030233519322174,
 "camden county, nj": 1.0,
 "marion county, fl": 1.0,
 "mille lacs county, mn": 1.0,
 "giles county, va": 1.0,
 "honolulu county, hi": 2.0,
 "travis county, tx": 3.987026450343585,
 "williamson county, tx": 0.012973549656415517,
 "hays county, tx": 1.0,
 "queens county, ny": 1.2509937348421496,
 "new york county, ny": 0.6319992868947817,
 "bronx county, ny": 1.48085794424163,
 "richmond county, ny": 0.054883785618501324,
 "oneida county, ny": 0.006834382070580187,
 "spokane county, wa": 5.0,
 "fayette county, ga": 2.0,
 "fulton county, ky": 1.0,
 "fairfax county, va": 1.3479694550503298,
 "hamilton county, tn": 3.0,
 "san bernardino county, ca": 7.929512873921339,
 "adair county, ok": 1.0,
 "dallas county, tx": 6.995438702264067,
 "denton county, tx": 1.0020757244744138,
 "kaufman county, tx": 0.764279501304726,
 "rockwall county, tx": 1.0,
 "lake county, in": 3.0,
 "grand forks county, nd": 1.0,
 "monterey county, ca": 1.0,
 "caroline county, va": 1.0,
 "hutchinson county, tx": 0.9999847372809083,
 "moore county, tx": 1.5262719091562958e-05,
 "st. louis county, mo": 2.0,
 "alachua county, fl": 1.0,
 "washington county, ms": 1.0,
 "clark county, nv": 10.0,
 "lincoln county, me": 1.0,
 "allegheny county, pa": 1.0,
 "solano county, ca": 2.0,
 "bulloch county, ga": 1.0,
 "sangamon county, il": 1.0,
 "new castle county, de": 5.0,
 "jefferson parish, la": 1.0,
 "san luis obispo county, ca": 2.0,
 "orleans parish, la": 1.0,
 "kern county, ca": 6.0,
 "dona ana county, nm": 3.0,
 "kent county, mi": 2.0,
 "ada county, id": 2.0,
 "lancaster county, pa": 1.0,
 "calhoun county, al": 4.945158245368444,
 "talladega county, al": 0.054841754631555946,
 "desoto county, ms": 2.0,
 "jackson county, wi": 2.0,
 "mecklenburg county, nc": 4.0,
 "baltimore county, md": 2.8902620699353223,
 "fulton county, ga": 3.979161513483544,
 "dekalb county, ga": 0.020838486516455722,
 "butler county, oh": 4.0,
 "contra costa county, ca": 3.0109982978824705,
 "pecos county, tx": 1.0,
 "king county, wa": 10.986179694445232,
 "eau claire county, wi": 2.997138881641882,
 "chippewa county, wi": 0.002861118358118097,
 "pinal county, az": 1.0068905358940805,
 "new london county, ct": 2.0,
 "orange county, ca": 6.7602113029232465,
 "pittsburg county, ok": 1.0,
 "snohomish county, wa": 2.0,
 "fresno county, ca": 4.050552218346354,
 "stanislaus county, ca": 3.0,
 "tarrant county, tx": 5.999881615931356,
 "san mateo county, ca": 2.0704871260786613,
 "walworth county, wi": 1.0,
 "clay county, fl": 1.0,
 "wichita county, tx": 1.0,
 "placer county, ca": 2.0,
 "carson county, tx": 1.0,
 "catawba county, nc": 0.99999669182633,
 "burke county, nc": 1.0000033081736701,
 "caldwell county, nc": 1.0,
 "robeson county, nc": 2.0,
 "taylor county, wv": 1.0,
 "platte county, mo": 0.07178361896697562,
 "cass county, mo": 0.0,
 "volusia county, fl": 5.0,
 "colquitt county, ga": 1.0,
 "alameda county, ca": 6.0,
 "montgomery county, oh": 4.999932382763367,
 "pueblo county, co": 2.0,
 "duval county, fl": 7.0,
 "maury county, tn": 1.0,
 "baltimore city county, md": 2.9664768982414578,
 "trumbull county, oh": 2.0,
 "madison county, ky": 1.0,
 "jackson county, al": 1.0,
 "franklin county, in": 1.0,
 "caddo county, ok": 1.0,
 "multnomah county, or": 1.9999814149564412,
 "washington county, or": 2.0000160158736575,
 "clackamas county, or": 2.0000025691699013,
 "mckinley county, nm": 1.0,
 "ashtabula county, oh": 2.0,
 "clark county, wa": 2.0,
 "davidson county, tn": 2.0,
 "kennebec county, me": 3.0,
 "oklahoma county, ok": 6.840986454183668,
 "guilford county, nc": 1.0,
 "cumberland county, nj": 1.0,
 "greenville county, sc": 3.9252823385476816,
 "jefferson county, ky": 2.0,
 "bexar county, tx": 4.239569395680716,
 "durham county, nc": 2.0,
 "orange county, nc": 1.0,
 "wake county, nc": 0.999881855550351,
 "santa barbara county, ca": 3.0,
 "knox county, tn": 2.0,
 "mohave county, az": 3.0,
 "monroe county, mi": 0.005830024205634759,
 "wayne county, mi": 2.994169975794365,
 "franklin county, oh": 4.917395937197865,
 "fairfield county, oh": 0.0006122426988394173,
 "delaware county, oh": 0.07077539366842289,
 "putnam county, oh": 0.011216426434872764,
 "knox county, in": 1.0,
 "shelby county, in": 1.0,
 "cape girardeau county, mo": 1.0,
 "scott county, mo": 0.0,
 "comal county, tx": 0.001689093643273565,
 "medina county, tx": 0.0,
 "trinity county, ca": 1.0,
 "tulsa county, ok": 4.998710656691193,
 "osage county, ok": 1.001289343308808,
 "rogers county, ok": 0.0,
 "wagoner county, ok": 0.0,
 "matanuska-susitna borough, ak": 2.0,
 "cumberland county, me": 1.0,
 "portage county, oh": 0.7777598450613299,
 "hardin county, oh": 0.2222401549386701,
 "marion county, ar": 2.0,
 "pima county, az": 7.222222222222222,
 "buchanan county, mo": 2.0,
 "hernando county, fl": 3.0,
 "weber county, ut": 2.0,
 "el paso county, co": 3.0,
 "harvey county, ks": 2.0,
 "washoe county, nv": 5.0,
 "district of columbia county, dc": 2.0,
 "berks county, pa": 1.0,
 "laurel county, ky": 1.0,
 "brazoria county, tx": 1.0,
 "stewart county, ga": 1.0,
 "sarasota county, fl": 0.642,
 "charlotte county, fl": 0.358,
 "san joaquin county, ca": 3.0,
 "tooele county, ut": 1.0,
 "citrus county, fl": 1.0,
 "cleveland county, nc": 1.9876978165162176,
 "lincoln county, wi": 1.0,
 "orange county, fl": 3.0,
 "terrebonne parish, la": 2.0,
 "angelina county, tx": 1.0,
 "marathon county, wi": 2.0,
 "san diego county, ca": 13.969766480677826,
 "passaic county, nj": 2.0,
 "arapahoe county, co": 3.0,
 "kings county, ca": 3.0,
 "cleveland county, ok": 0.10677339710985448,
 "canadian county, ok": 0.05224014870647806,
 "pottawatomie county, ok": 0.0,
 "laurens county, sc": 0.07471766145231869,
 "medina county, oh": 1.0,
 "washington county, pa": 2.0,
 "santa clara county, ca": 6.045499048639462,
 "ellis county, tx": 1.0,
 "east baton rouge parish, la": 3.0,
 "whatcom county, wa": 1.0,
 "sacramento county, ca": 5.1892364787303995,
 "cuyahoga county, oh": 3.0,
 "napa county, ca": 2.0,
 "prince george's county, md": 0.14326103182321942,
 "ocean county, nj": 2.0,
 "pierce county, wa": 5.013820305554768,
 "jefferson county, co": 1.9226102901208173,
 "bay county, fl": 1.0,
 "ramsey county, mn": 2.9637110106910614,
 "washington county, mn": 0.03628898930893861,
 "macomb county, mi": 1.0,
 "milwaukee county, wi": 6.0,
 "washington county, wi": 0.0,
 "waukesha county, wi": 1.0,
 "crockett county, tn": 1.0,
 "cumberland county, nc": 1.0,
 "aroostook county, me": 1.0,
 "shelby county, tn": 1.0,
 "butte county, ca": 3.0,
 "sedgwick county, ks": 3.0,
 "polk county, ga": 1.0,
 "indian river county, fl": 2.0,
 "brevard county, fl": 1.0,
 "owsley county, ky": 1.0,
 "acadia parish, la": 1.0,
 "grant county, ar": 1.0,