{
 "richmond county, va": 1.0,
 "jackson county, or": 1.0,
 "denver county, co": 8.0,
 "nevada county, ca": 1.0,
 "clay county, mo": 2.057098569701748,
 "clinton county, mo": 0.003705593868702673,
 "callaway county, mo": 0.9084921522245598,
 "washington county, or": 2.0149920446304526,
 "clark county, nv": 18.0,
 "riverside county, ca": 6.867901882829495,
 "cook county, il": 7.0,
 "dupage county, il": 0.0,
 "new haven county, ct": 3.0,
 "limestone county, al": 1.0001385311608697,
 "duval county, fl": 9.0,
 "sussex county, de": 1.7006343452196662,
 "kent county, de": 0.2993656547803338,
 "lubbock county, tx": 4.0,
 "washoe county, nv": 3.0,
 "oklahoma county, ok": 6.840986454183668,
 "cleveland county, ok": 1.0852431890910956,
 "canadian county, ok": 1.0522401487064776,
 "pottawatomie county, ok": 0.0,
 "randolph county, nc": 1.0,
 "maricopa county, az": 26.994855245032475,
 "bernalillo county, nm": 6.0,
 "arapahoe county, co": 4.942230460385283,
 "adams county, co": 3.059294215810066,
 "douglas county, co": 0.0,
 "honolulu county, hi": 2.0,
 "fairbanks north star borough, ak": 1.0,
 "st. francois county, mo": 1.0,
 "san bernardino county, ca": 21.58405218457689,
 "kings county, ny": 3.3616462994985348,
 "queens county, ny": 1.8764906022632242,
 "new york county, ny": 0.9479989303421725,
 "bronx county, ny": 0.7212869163624451,
 "richmond county, ny": 0.08232567842775199,
 "oneida county, ny": 0.01025157310587028,
 "burleigh county, nd": 1.0,
 "belmont county, oh": 1.0,
 "philadelphia county, pa": 7.0,
 "mobile county, al": 3.0,
 "spokane county, wa": 4.0,
 "garfield county, co": 1.0,
 "decatur county, ga": 1.0,
 "miami-dade county, fl": 10.0,
 "los angeles county, ca": 35.99779808615609,
 "jasper county, mo": 1.0,
 "jefferson county, co": 4.998475323804651,
 "lake county, in": 3.0,
 "bexar county, tx": 11.99993443912673,
 "comal county, tx": 0.0,
 "medina county, tx": 0.0,
 "sumter county, fl": 0.8440000000000001,
 "marion county, fl": 1.156,
 "brevard county, fl": 6.0,
 "missoula county, mt": 2.0,
 "ashe county, nc": 1.0,
 "polk county, fl": 4.448,
 "gwinnett county, ga": 4.0,
 "marathon county, wi": 0.9855123585880219,
 "marinette county, wi": 2.014487641411978,
 "lyon county, nv": 1.0,
 "cobb county, ga": 3.0,
 "highlands county, fl": 3.0,
 "orange county, ca": 10.0,
 "yavapai county, az": 2.8638443928238573,
 "coconino county, az": 0.1361556071761426,
 "tippecanoe county, in": 1.0,
 "pope county, ar": 2.0,
 "winnebago county, wi": 1.0,
 "denton county, tx": 3.000426062557621,
 "thurston county, wa": 2.0,
 "gila county, az": 0.005211455665158864,
 "woodward county, ok": 0.021530208018758993,
 "chatham county, ga": 2.0,
 "lamar county, tx": 1.0,
 "matanuska-susitna borough, ak": 3.0,
 "pinellas county, fl": 4.0,
 "fulton county, ga": 5.968742270225316,
 "dekalb county, ga": 3.0312577297746834,
 "passaic county, nj": 4.0,
 "tom green county, tx": 4.0,
 "ventura county, ca": 2.0,
 "franklin county, oh": 4.984784066412265,
 "fairfield county, oh": 0.03026638797224775,
 "delaware county, oh": 0.0004300971705941477,
 "putnam county, oh": 0.014020533043590955,
 "prince george's county, md": 3.0,
 "aiken county, sc": 2.0,
 "st. mary's county, md": 1.0,
 "pima county, az": 6.0,
 "pike county, ky": 1.0,
 "alamance county, nc": 2.0,
 "delaware county, ny": 0.515512805097992,
 "broome county, ny": 0.484487194902008,
 "kenai peninsula borough, ak": 2.0,
 "athens county, oh": 1.0,
 "wake county, nc": 1.9999840626734346,
 "durham county, nc": 1.593732656534837e-05,
 "jackson county, mo": 7.8871369576259545,
 "platte county, mo": 0.14356723793395124,
 "cass county, mo": 1.0,
 "harrison county, ms": 3.0,
 "hernando county, fl": 2.0,
 "lee county, fl": 3.0,
 "milwaukee county, wi": 5.0,
 "androscoggin county, me": 1.0,
 "yuma county, az": 1.0,
 "salt lake county, ut": 11.0,
 "pontotoc county, ok": 1.9233867868056467,
 "hughes county, ok": 0.02977626467535231,
 "kings county, ca": 0.13209811717050485,
 "shasta county, ca": 4.0,
 "shawnee county, ks": 1.0,
 "charlotte county, fl": 1.0,
 "norfolk county, ma": 1.0,
 "creek county, ok": 0.9999957964886603,
 "tulsa county, ok": 4.998972728864294,
 "jefferson county, al": 1.0,
 "shelby county, al": 0.0,
 "crawford county, mo": 1.0,
 "benton county, wa": 1.0,
 "orange county, fl": 6.0,
 "saginaw county, mi": 1.0,
 "peach county, ga": 2.0,
 "houston county, ga": 0.0,
 "st. francis county, ar": 2.0,
 "lafayette parish, la": 2.0,
 "marshall county, al": 1.0,
 "virginia beach city, va": 3.0,
 "baltimore city county, md": 2.9664768982414578,
 "baltimore county, md": 1.033523101758542,
 "stark county, nd": 1.0,
 "bossier parish, la": 3.0001940117156654,
 "potter county, tx": 0.6049963609729414,
 "randall county, tx": 0.39500363902705865,
 "marion county, or": 3.9244735106789683,
 "anson county, nc": 1.0,
 "anchorage borough, ak": 2.0,
 "essex county, ma": 2.0,
 "osceola county, fl": 1.552,
 "harrison county, in": 1.0,
 "greene county, tn": 1.0,
 "navajo county, az": 1.0,
 "tehama county, ca": 2.0,
 "hall county, ga": 1.0,
 "luna county, nm": 3.0,
 "guilford county, nc": 2.99425386880731,
 "washington county, wi": 0.0,
 "waukesha county, wi": 2.0,
 "custer county, ne": 1.0,
 "wilson county, tx": 1.000065560873271,
 "colbert county, al": 1.0,
 "caddo parish, la": 1.9998059882843346,
 "bannock county, id": 1.0,
 "power county, id": 0.0,
 "williamson county, tx": 1.0032433874141038,
 "sumter county, sc": 1.0,
 "manatee county, fl": 2.0,
 "weld county, co": 1.0,
 "cherokee county, ok": 2.0,
 "lucas county, oh": 2.0,
 "dakota county, mn": 1.0,
 "grant county, wa": 1.0,
 "pueblo county, co": 5.0,
 "harris county, tx": 17.103341153143518,
 "davie county, nc": 1.0,
 "grayson county, tx": 2.0,
 "okanogan county, wa": 1.0,
 "mississippi county, ar": 1.0,
 "cumberland county, nc": 4.0,
 "dale county, al": 1.0,
 "henrico county, va": 1.0,
 "allegheny county, pa": 1.0,
 "butler county, oh": 0.9704989154013015,
 "hamilton county, oh": 1.0,
 "broward county, fl": 6.0,
 "osage county, ok": 0.0010314746470462214,
 "rogers county, ok": 2.0,
 "wagoner county, ok": 0.0,
 "kern county, ca": 13.0,
 "monroe county, pa": 2.0,
 "montgomery county, oh": 3.9999323827633675,
 "montgomery county, al": 1.0,
 "pinal county, az": 1.999933299302365,
 "cass county, mn": 1.0,
 "tulare county, ca": 1.0,
 "st. johns county, fl": 2.0,
 "montgomery county, md": 1.9249773718423433,
 "charles county, md": 1.0229778655476014,
 "allegany county, md": 0.05204476261005513,
 "jefferson county, ky": 5.408948418352807,
 "westmoreland county, pa": 1.0,
 "dallas county, tx": 1.999998824993145,
 "collin county, tx": 0.9995751124492341,
 "rockwall county, tx": 0.0,
 "rutherford county, tn": 2.0,
 "taos county, nm": 1.0,
 "lane county, or": 1.0,
 "san joaquin county, ca": 3.0,
 "davidson county, nc": 1.0057461311926899,
 "forsyth county, nc": 1.0,
 "fergus county, mt": 1.0,
 "mecklenburg county, va": 2.0,
 "keokuk county, ia": 0.01078695758764403,
 "hamilton county, ia": 0.989213042412356,
 "lebanon county, pa": 1.0,
 "acadia parish, la": 1.0,
 "mesa county, co": 4.0,
 "taylor county, tx": 0.9977248649046452,
 "jones county, tx": 0.002275135095354812,
 "livingston county, mo": 1.0,
 "orange county, ny": 2.0,
 "franklin county, tn": 2.0,
 "leon county, fl": 4.0,
 "randolph county, ga": 1.0,
 "sacramento county, ca": 7.0,
 "schenectady county, ny": 1.0,
 "mason county, wa": 1.0,
 "el paso county, tx": 4.0,
 "nye county, nv": 1.0,
 "volusia county, fl": 5.0,
 "botetourt county, va": 1.0,
 "polk county, or": 0.06697872870860992,
 "carter county, ky": 0.591051581647193,
 "canyon county, id": 2.0,
 "buncombe county, nc": 1.0,
 "rockingham county, va": 1.0,
 "cumberland county, ky": 1.0,
 "lowndes county, ms": 1.0,
 "ouachita parish, la": 1.0,
 "lincoln county, or": 1.0,
 "hartford county, ct": 2.0,
 "harrison county, wv": 1.0,
 "hillsborough county, nh": 1.0,
 "mayes county, ok": 0.542836948519001,
 "worcester county, ma": 1.0,
 "lauderdale county, al": 1.0,