{
 "walker county, ga": 1.0,
 "white county, ar": 1.0,
 "volusia county, fl": 3.0,
 "real county, tx": 1.0,
 "franklin county, ar": 1.0,
 "jasper county, mo": 0.9784688260827845,
 "newton county, mo": 0.02153117391721543,
 "alameda county, ca": 4.0,
 "ada county, id": 4.0,
 "forest county, wi": 1.0,
 "greene county, mo": 3.0,
 "christian county, mo": 0.0,
 "franklin county, oh": 12.969568132824532,
 "los angeles county, ca": 34.0,
 "bernalillo county, nm": 9.0,
 "pulaski county, ar": 2.0,
 "pottawatomie county, ok": 2.0,
 "williamson county, tx": 1.0192489761079118,
 "travis county, tx": 5.980751023892088,
 "monroe county, wi": 1.0,
 "lee county, fl": 1.0,
 "york county, pa": 2.0,
 "jefferson county, al": 2.7631578369505565,
 "shelby county, al": 0.13145236516686384,
 "valencia county, nm": 2.0,
 "broward county, fl": 4.0,
 "santa barbara county, ca": 1.0,
 "danville city, va": 2.0,
 "pierce county, wa": 5.0,
 "yavapai county, az": 0.8638443928238575,
 "coconino county, az": 2.1361556071761427,
 "desoto county, ms": 1.0,
 "hawkins county, tn": 2.0,
 "jackson county, mo": 7.02624483792271,
 "clay county, mo": 1.8481338288850835,
 "platte county, mo": 0.12562133319220734,
 "cass county, mo": 2.0,
 "santa clara county, ca": 2.0,
 "tarrant county, tx": 6.151664588454232,
 "denton county, tx": 1.00146036749646,
 "parker county, tx": 0.0,
 "wise county, tx": 0.0,
 "lexington county, sc": 2.0,
 "mecklenburg county, nc": 3.0,
 "elko county, nv": 2.0,
 "contra costa county, ca": 5.0,
 "allen county, ky": 1.0,
 "washington county, or": 2.000032031747315,
 "fairfield county, oh": 0.031031691345797023,
 "delaware county, oh": 1.0008601943411881,
 "putnam county, oh": 0.02804106608718191,
 "josephine county, or": 1.0,
 "lane county, or": 1.0,
 "washington county, vt": 1.0,
 "gooding county, id": 1.0,
 "adams county, co": 6.463477202267761,
 "tulsa county, ok": 5.989458399900594,
 "osage county, ok": 0.0010314746470462214,
 "rogers county, ok": 1.8407388961315272,
 "wagoner county, ok": 1.168785824611661,
 "chickasaw county, ia": 0.9999987947022342,
 "floyd county, ia": 1.2052977657997964e-06,
 "shelby county, tn": 6.0,
 "racine county, wi": 1.0,
 "maricopa county, az": 42.9878399367813,
 "dauphin county, pa": 2.0,
 "warrick county, in": 1.0,
 "martin county, mn": 1.0,
 "dekalb county, ga": 3.026048108145569,
 "polk county, fl": 5.0,
 "gregg county, tx": 1.2082260277397532,
 "harrison county, tx": 0.000559876194594012,
 "johnson county, ks": 2.0,
 "brevard county, fl": 3.0,
 "snohomish county, wa": 4.0,
 "calhoun county, mi": 1.0,
 "dallas county, tx": 6.843416611590193,
 "sequoyah county, ok": 1.0,
 "cumberland county, nj": 4.0,
 "pueblo county, co": 4.0,
 "del norte county, ca": 1.0,
 "chatham county, ga": 3.0,
 "galveston county, tx": 2.999262380893702,
 "harris county, tx": 12.008237604182304,
 "manatee county, fl": 1.0,
 "bonneville county, id": 2.0,
 "washoe county, nv": 4.0,
 "isabella county, mi": 1.0,
 "allegany county, md": 1.0,
 "fort bend county, tx": 0.9945819098301892,
 "montgomery county, tx": 2.000032136056615,
 "bexar county, tx": 11.0,
 "comal county, tx": 0.0,
 "medina county, tx": 0.0,
 "gwinnett county, ga": 1.99305837740501,
 "hall county, ga": 2.00694162259499,
 "hays county, tx": 0.0,
 "clark county, nv": 14.0,
 "whiteside county, il": 1.0,
 "madison county, il": 0.9813693033739522,
 "knox county, il": 0.018630696626047757,
 "cass county, in": 1.0,
 "hinds county, ms": 2.9999566552858528,
 "madison county, ms": 1.000043344714147,
 "rankin county, ms": 0.0,
 "laurel county, ky": 1.0,
 "baltimore city county, md": 1.9776512654943053,
 "baltimore county, md": 1.0223487345056947,
 "westchester county, ny": 1.0,
 "watonwan county, mn": 1.0,
 "jefferson county, co": 5.6135488505518625,
 "pike county, oh": 2.0,
 "peoria county, il": 1.9988817324104526,
 "woodford county, il": 0.0011182675895473424,
 "tazewell county, il": 1.0,
 "oklahoma county, ok": 4.867488711819723,
 "cleveland county, ok": 1.088977830924879,
 "canadian county, ok": 0.16093261438965484,
 "jefferson county, ky": 8.0,
 "rabun county, ga": 1.0,
 "lewis and clark county, mt": 0.9804915457130031,
 "flathead county, mt": 0.01950845428699686,
 "runnels county, tx": 1.0,
 "fulton county, ga": 6.97395189185443,
 "middlesex county, ma": 1.0,
 "harrison county, ms": 2.0,
 "lake county, ca": 1.0,
 "el paso county, co": 4.0,
 "st. johns county, fl": 1.0,
 "denver county, co": 6.0,
 "orange county, ca": 8.0,
 "palm beach county, fl": 2.0,
 "henry county, ga": 2.0,
 "arapahoe county, co": 6.9229739471803775,
 "douglas county, co": 1.0,
 "mohave county, az": 2.0,
 "hillsborough county, fl": 2.0,
 "chittenden county, vt": 1.0,
 "allegheny county, pa": 2.0,
 "choctaw county, ok": 1.0,
 "miami-dade county, fl": 5.0,
 "solano county, ca": 1.0,
 "mendocino county, ca": 1.0,
 "lake county, in": 3.0,
 "howard county, in": 1.0,
 "mobile county, al": 2.0,
 "gila county, az": 0.012160063218704015,
 "san juan county, ut": 1.0,
 "vance county, nc": 0.5403850875039455,
 "henderson county, nc": 1.4596149124960545,
 "kanawha county, wv": 3.0,
 "berkeley county, wv": 1.0,
 "hernando county, fl": 0.20250154144279045,
 "citrus county, fl": 2.7974984585572096,
 "dona ana county, nm": 3.0,
 "guadalupe county, tx": 1.0,
 "king county, wa": 5.0,
 "prince george's county, md": 5.0,
 "montgomery county, al": 2.0,
 "stutsman county, nd": 1.0,
 "sherman county, tx": 1.0,
 "prince william county, va": 1.0,
 "vanderburgh county, in": 2.0,
 "monongalia county, wv": 1.0,
 "natrona county, wy": 3.0,
 "crawford county, oh": 1.0,
 "pottawatomie county, ks": 1.0,
 "wabaunsee county, ks": 0.0,
 "st. louis city county, mo": 3.0,
 "collin county, tx": 0.003458432459113735,
 "kaufman county, tx": 0.0,
 "rockwall county, tx": 0.0,
 "chester county, sc": 0.7928450226244343,
 "chesterfield county, sc": 0.20715497737556562,
 "kootenai county, id": 1.0,
 "orange county, fl": 6.102292654413198,
 "alamosa county, co": 2.0,
 "henrico county, va": 1.0,
 "pima county, az": 9.0,
 "bucks county, pa": 1.0,
 "red river county, tx": 0.791214096065653,
 "upshur county, tx": 0.0,
 "johnson county, mo": 1.0,
 "montgomery county, pa": 2.0,
 "bonner county, id": 1.0,
 "carroll county, ga": 2.0,
 "baldwin county, al": 1.0,
 "johnson county, ky": 1.0,
 "san juan county, nm": 1.0,
 "wabash county, in": 1.0,
 "vigo county, in": 3.0,
 "san francisco county, ca": 2.0,
 "shelby county, tx": 1.0,
 "henry county, mo": 1.0,
 "spotsylvania county, va": 1.0,
 "wade hampton census area, ak": 1.0,
 "riverside county, ca": 8.860524874203003,
 "pinellas county, fl": 3.0,
 "san bernardino county, ca": 7.929512873921339,
 "debaca county, nm": 1.0,
 "midland county, tx": 1.0,
 "martin county, tx": 0.0,
 "kane county, il": 2.7926321630592312,
 "cook county, il": 6.075409746894173,
 "midland county, mi": 0.9999848819700738,
 "bay county, mi": 1.5118029926188387e-05,
 "jackson county, mi": 2.0,
 "davidson county, nc": 1.999899411557612,
 "cass county, nd": 1.0,
 "nassau county, ny": 2.0,
 "tulare county, ca": 3.0,
 "salt lake county, ut": 13.0,
 "marion county, or": 1.0,
 "east baton rouge parish, la": 1.0,
 "todd county, sd": 1.0,
 "pinal county, az": 1.0,
 "montgomery county, tn": 2.0,
 "washington county, tn": 1.0,
 "yancey county, nc": 1.0,
 "san diego county, ca": 5.131530874925916,
 "sacramento county, ca": 4.0,
 "daviess county, ky": 1.0,
 "baxter county, ar": 1.0,
 "greenville county, sc": 1.0,
 "scott county, ky": 2.0,
 "person county, nc": 1.0,
 "mercer county, nj": 1.6917008379390266,
 "middlesex county, nj": 0.3082991620609734,
 "creek county, ok": 0.9999598629502191,
 "pawnee county, ok": 2.55417589514743e-05,
 "nassau county, fl": 1.0,
 "lamb county, tx": 1.0,
 "dupage county, il": 0.12349814570971598,
 "will county, il": 0.006653049651701367,
 "kendall county, il": 0.001806894685178786,
 "taylor county, tx": 0.9977248649046452,
 "jones county, tx": 0.002275135095354812,
 "washington parish, la": 1.0,
 "childress county, tx": 1.0,